Actual_Flag,Fraud_Probability,Risk_Level
0,0.99151707,Critical
1,0.99008304,Critical
0,0.98869365,Critical
1,0.9874321,Critical
1,0.9853409,Critical
0,0.9850535,Critical
0,0.9844919,Critical
1,0.98390454,Critical
1,0.98309416,Critical
1,0.9829983,Critical
0,0.98151886,Critical
0,0.9811116,Critical
1,0.9804448,Critical
0,0.97874945,Critical
0,0.9764164,Critical
1,0.9758256,Critical
0,0.9750972,Critical
1,0.97365415,Critical
1,0.9733377,Critical
1,0.96997166,Critical
0,0.9692311,Critical
0,0.9666845,Critical
1,0.9664788,Critical
0,0.9637592,Critical
1,0.9635735,Critical
1,0.9628639,Critical
0,0.9627251,Critical
0,0.96174484,Critical
0,0.9614244,Critical
0,0.9610921,Critical
1,0.96077466,Critical
1,0.9607104,Critical
1,0.95811105,Critical
0,0.9571918,Critical
1,0.9549141,Critical
0,0.9536453,Critical
0,0.9515895,Critical
0,0.9507736,Critical
0,0.95009315,Critical
0,0.94755226,Critical
0,0.94713926,Critical
1,0.9468315,Critical
0,0.94432575,Critical
1,0.9438317,Critical
0,0.9420371,Critical
0,0.94122875,Critical
0,0.9397895,Critical
0,0.9394512,Critical
0,0.9392399,Critical
1,0.93903196,Critical
1,0.9387122,Critical
1,0.9386841,Critical
1,0.93578357,Critical
1,0.9344458,Critical
1,0.9331791,Critical
1,0.9330424,Critical
1,0.93283,Critical
1,0.93193966,Critical
0,0.9317034,Critical
0,0.9314041,Critical
0,0.93035424,Critical
1,0.928865,Critical
1,0.92860204,Critical
1,0.9285353,Critical
0,0.92802125,Critical
1,0.92741656,Critical
0,0.9269336,Critical
1,0.9264481,Critical
1,0.9262781,Critical
0,0.92391187,Critical
1,0.92368,Critical
0,0.922672,Critical
0,0.92237574,Critical
1,0.9223443,Critical
0,0.921248,Critical
0,0.9190829,Critical
1,0.91886663,Critical
1,0.91811615,Critical
1,0.91719264,Critical
0,0.9167531,Critical
1,0.9150525,Critical
1,0.914728,Critical
0,0.9146458,Critical
0,0.9137272,Critical
1,0.9134752,Critical
1,0.91127926,Critical
1,0.91017187,Critical
1,0.90732586,Critical
1,0.9067481,Critical
0,0.9064494,Critical
0,0.90538144,Critical
1,0.9050678,Critical
1,0.90484655,Critical
1,0.9040365,Critical
0,0.89968574,High
1,0.8993695,High
0,0.8975022,High
1,0.895334,High
1,0.89490455,High
1,0.8938969,High
1,0.89365506,High
1,0.8916757,High
1,0.89136714,High
1,0.8906349,High
0,0.8897234,High
1,0.88924724,High
1,0.8891988,High
1,0.8887096,High
1,0.88699764,High
1,0.8866144,High
0,0.8854074,High
1,0.8848989,High
0,0.8846577,High
1,0.88283265,High
0,0.88197535,High
1,0.88175225,High
1,0.88173914,High
0,0.8814547,High
0,0.88096046,High
0,0.8803299,High
1,0.8801705,High
1,0.8787892,High
0,0.87840885,High
0,0.8781447,High
1,0.8765927,High
0,0.8758267,High
1,0.8747453,High
1,0.8738444,High
1,0.87194085,High
0,0.87192035,High
1,0.8705369,High
1,0.869768,High
1,0.8680545,High
1,0.8679962,High
0,0.867804,High
1,0.8672276,High
1,0.8665172,High
1,0.86425495,High
1,0.86422455,High
1,0.8641188,High
0,0.86410767,High
0,0.8631792,High
1,0.86305493,High
0,0.8619674,High
0,0.8604086,High
0,0.86039865,High
1,0.86036485,High
0,0.858167,High
0,0.85770756,High
1,0.8571803,High
1,0.8564837,High
1,0.8556462,High
0,0.8549642,High
1,0.8538564,High
0,0.8533247,High
0,0.8513146,High
0,0.85130715,High
1,0.85118496,High
1,0.8485133,High
0,0.84845674,High
0,0.84725183,High
0,0.84684193,High
0,0.84679115,High
0,0.8455436,High
0,0.8452623,High
1,0.84517205,High
0,0.844659,High
0,0.84375596,High
1,0.8436429,High
1,0.8431636,High
0,0.8426368,High
1,0.842174,High
1,0.8419846,High
1,0.83873904,High
1,0.8387243,High
1,0.8384458,High
0,0.8383199,High
1,0.83668774,High
0,0.8364711,High
0,0.83645415,High
0,0.8364502,High
1,0.8362842,High
0,0.83571535,High
0,0.83558524,High
1,0.8345967,High
0,0.834022,High
1,0.833736,High
1,0.83371603,High
1,0.8337123,High
1,0.83322966,High
1,0.8330672,High
0,0.8323598,High
1,0.83224934,High
0,0.8315188,High
1,0.8314674,High
0,0.8308397,High
0,0.8307253,High
1,0.8304574,High
1,0.82926714,High
0,0.829231,High
0,0.8286815,High
0,0.8284057,High
1,0.82775724,High
1,0.82763445,High
1,0.82740766,High
0,0.82668227,High
0,0.82602286,High
0,0.8259997,High
0,0.8259846,High
0,0.82460594,High
1,0.8224174,High
0,0.82171226,High
1,0.8216333,High
1,0.82130474,High
0,0.8190009,High
0,0.8170497,High
0,0.8160512,High
0,0.8158827,High
1,0.81496555,High
0,0.8141969,High
0,0.81338435,High
1,0.8130964,High
1,0.8120652,High
1,0.8110955,High
1,0.8107329,High
1,0.8101676,High
0,0.8100493,High
0,0.8097425,High
0,0.8096864,High
0,0.809599,High
0,0.80360144,High
0,0.8035282,High
0,0.80330324,High
0,0.80226946,High
1,0.8013885,High
1,0.8002414,High
0,0.7996712,High
1,0.7996218,High
0,0.7991744,High
0,0.7971563,High
1,0.79711956,High
1,0.7953856,High
1,0.7949536,High
1,0.7946191,High
0,0.79337156,High
0,0.79071605,High
1,0.7900085,High
1,0.78980446,High
1,0.7891272,High
0,0.788619,High
1,0.78855425,High
1,0.78607553,High
1,0.7835982,High
0,0.7831341,High
0,0.7824743,High
1,0.78187597,High
1,0.78154147,High
1,0.7805909,High
1,0.7804909,High
0,0.78042954,High
1,0.78007954,High
1,0.7794235,High
1,0.7792425,High
0,0.7788832,High
0,0.7782977,High
0,0.7752263,High
0,0.77319175,High
0,0.77213275,High
1,0.7711548,High
0,0.76977503,High
1,0.76923394,High
1,0.76912445,High
0,0.76905584,High
1,0.7678489,High
1,0.767394,High
1,0.7672782,High
1,0.7667284,High
0,0.76595676,High
1,0.7652992,High
1,0.76412207,High
0,0.76348734,High
1,0.7622686,High
1,0.75941026,High
0,0.759066,High
1,0.7587692,High
1,0.756108,High
0,0.75513864,High
0,0.75488293,High
1,0.7541295,High
1,0.7539696,High
1,0.7532659,High
0,0.7531937,High
0,0.7527036,High
0,0.7523906,High
0,0.752007,High
0,0.7515564,High
0,0.7515283,High
1,0.750855,High
0,0.75084907,High
1,0.7504928,High
0,0.75049114,High
0,0.7496276,High
0,0.74934596,High
1,0.7483671,High
0,0.7474343,High
1,0.74690926,High
1,0.746623,High
0,0.746121,High
1,0.74124163,High
1,0.7397797,High
1,0.7397251,High
1,0.73736525,High
0,0.7372898,High
1,0.73350555,High
0,0.7311653,High
0,0.7304393,High
0,0.7300201,High
1,0.7292508,High
1,0.72832155,High
0,0.72613007,High
1,0.7258765,High
0,0.7235306,High
1,0.7221383,High
1,0.7174296,High
1,0.7150108,High
0,0.714408,High
0,0.7134219,High
1,0.71303827,High
1,0.71270764,High
0,0.7114252,High
1,0.7106726,High
0,0.71020913,High
0,0.7101887,High
1,0.70877916,High
1,0.7051728,High
0,0.70468557,High
1,0.70409137,High
1,0.7040623,High
1,0.70286584,High
0,0.7020768,High
0,0.69975746,Medium
1,0.6993956,Medium
1,0.6964196,Medium
0,0.69492733,Medium
0,0.6946626,Medium
0,0.6942196,Medium
0,0.69083047,Medium
1,0.6893543,Medium
0,0.6887593,Medium
1,0.68681,Medium
0,0.6867969,Medium
1,0.6851295,Medium
1,0.6846919,Medium
1,0.68347067,Medium
0,0.68202925,Medium
0,0.6788654,Medium
0,0.6787957,Medium
1,0.6753097,Medium
0,0.6750487,Medium
0,0.6737698,Medium
0,0.6735014,Medium
0,0.6698221,Medium
0,0.66958445,Medium
0,0.6681393,Medium
0,0.66739154,Medium
1,0.66724205,Medium
1,0.66601163,Medium
0,0.6640451,Medium
1,0.6614261,Medium
0,0.6605299,Medium
1,0.6601791,Medium
1,0.6588183,Medium
0,0.65751565,Medium
0,0.6570238,Medium
0,0.6530666,Medium
1,0.65175104,Medium
0,0.64991695,Medium
1,0.64979583,Medium
0,0.64851546,Medium
0,0.6482648,Medium
0,0.6481848,Medium
1,0.64680344,Medium
1,0.64545584,Medium
1,0.6451741,Medium
0,0.64403313,Medium
1,0.64267397,Medium
1,0.6424851,Medium
1,0.64129794,Medium
0,0.6408519,Medium
0,0.6395738,Medium
1,0.63796055,Medium
1,0.6377331,Medium
0,0.6366675,Medium
1,0.63421994,Medium
1,0.63314635,Medium
1,0.6320829,Medium
0,0.63042575,Medium
0,0.62810695,Medium
1,0.62799984,Medium
1,0.62576765,Medium
1,0.6242441,Medium
0,0.62235373,Medium
0,0.6210831,Medium
1,0.6160292,Medium
0,0.61515176,Medium
0,0.6117523,Medium
1,0.6112955,Medium
0,0.6094953,Medium
1,0.60861313,Medium
0,0.6077147,Medium
1,0.6070616,Medium
1,0.60657066,Medium
0,0.60603255,Medium
0,0.6056965,Medium
1,0.60429,Medium
0,0.6019076,Medium
1,0.60148144,Medium
0,0.60000676,Medium
1,0.59959,Medium
1,0.5980871,Medium
1,0.5980285,Medium
0,0.597881,Medium
1,0.5969725,Medium
1,0.5950173,Medium
0,0.5946557,Medium
1,0.59004474,Medium
0,0.5894305,Medium
0,0.58628124,Medium
1,0.58470684,Medium
1,0.58412117,Medium
0,0.57918453,Medium
0,0.57908845,Medium
0,0.57697505,Medium
1,0.57644683,Medium
0,0.57643646,Medium
1,0.5742336,Medium
1,0.573322,Medium
0,0.5709101,Medium
0,0.57088053,Medium
0,0.5703958,Medium
1,0.5683439,Medium
1,0.56630415,Medium
0,0.5655291,Medium
0,0.5635557,Medium
0,0.56122035,Medium
0,0.5597294,Medium
1,0.55971813,Medium
1,0.55845314,Medium
0,0.55821073,Medium
1,0.5573401,Medium
0,0.5573271,Medium
0,0.5558125,Medium
0,0.5549233,Medium
0,0.55253214,Medium
0,0.55021685,Medium
0,0.5447874,Medium
0,0.5444846,Medium
1,0.5439842,Medium
0,0.54391015,Medium
0,0.5414326,Medium
0,0.54075015,Medium
0,0.54002386,Medium
1,0.5377771,Medium
0,0.53489906,Medium
0,0.5329447,Medium
1,0.5329081,Medium
1,0.53160995,Medium
0,0.530872,Medium
1,0.5308612,Medium
1,0.5290852,Medium
1,0.5285887,Medium
0,0.52647793,Medium
0,0.5234914,Medium
0,0.5176076,Medium
0,0.51730275,Medium
1,0.51729584,Medium
0,0.51526535,Medium
1,0.5144455,Medium
0,0.5136811,Medium
0,0.5123478,Medium
0,0.5111144,Medium
1,0.5090223,Medium
0,0.50856316,Medium
1,0.50602114,Medium
1,0.50560045,Medium
0,0.5053962,Medium
0,0.5029222,Medium
1,0.49913508,Low
1,0.4986313,Low
1,0.49723294,Low
0,0.4946945,Low
1,0.49434292,Low
1,0.49383086,Low
1,0.49314144,Low
0,0.491131,Low
0,0.48865652,Low
0,0.48608,Low
0,0.48388082,Low
0,0.4834187,Low
0,0.48271808,Low
1,0.4754022,Low
1,0.4733837,Low
0,0.47235867,Low
1,0.46882087,Low
1,0.4645506,Low
1,0.46222353,Low
1,0.45890912,Low
0,0.45799056,Low
0,0.45761228,Low
1,0.457186,Low
1,0.45363474,Low
1,0.45311877,Low
1,0.45311737,Low
1,0.4518091,Low
0,0.45033765,Low
1,0.44993418,Low
0,0.4494497,Low
1,0.44580114,Low
0,0.44218776,Low
0,0.4418375,Low
0,0.43778375,Low
1,0.43621337,Low
1,0.43351674,Low
0,0.4333277,Low
0,0.43108654,Low
0,0.42989737,Low
0,0.429534,Low
1,0.42521226,Low
1,0.4167588,Low
0,0.41624796,Low
1,0.4157369,Low
1,0.41533726,Low
0,0.4141002,Low
0,0.41398793,Low
0,0.4125501,Low
1,0.41237608,Low
0,0.41113672,Low
0,0.40978912,Low
1,0.40959877,Low
0,0.40285096,Low
0,0.4010009,Low
0,0.3988965,Low
0,0.39884064,Low
1,0.39452597,Low
1,0.3871407,Low
1,0.38609308,Low
1,0.37990418,Low
0,0.3777759,Low
0,0.3765717,Low
1,0.3759129,Low
0,0.3741444,Low
0,0.36963513,Low
1,0.36830005,Low
1,0.3664518,Low
0,0.36370587,Low
1,0.3592572,Low
0,0.35909188,Low
1,0.3575372,Low
1,0.35725412,Low
0,0.35614428,Low
1,0.3556591,Low
1,0.35191023,Low
0,0.34745187,Low
1,0.34452483,Low
1,0.33997336,Low
0,0.33969313,Low
1,0.33829817,Low
0,0.3382226,Low
1,0.3325683,Low
0,0.3296831,Low
0,0.32881433,Low
1,0.32835582,Low
1,0.32759076,Low
1,0.32727426,Low
0,0.32720935,Low
0,0.31806976,Low
0,0.3141098,Low
1,0.3122966,Low
0,0.31120998,Low
0,0.31111845,Low
0,0.3105867,Low
1,0.30846304,Low
1,0.30812523,Low
0,0.30728266,Low
1,0.30316383,Low
1,0.30263546,Low
0,0.2994704,Low
0,0.29903665,Low
0,0.2984852,Low
1,0.27555922,Low
0,0.26974976,Low
0,0.26155874,Low
0,0.26110795,Low
1,0.25875196,Low
0,0.25650376,Low
0,0.25257498,Low
0,0.25146118,Low
1,0.24801657,Low
0,0.24169096,Low
1,0.23937853,Low
0,0.22545588,Low
0,0.22303966,Low
1,0.21973415,Low
1,0.21703532,Low
1,0.20439404,Low
1,0.20223607,Low
0,0.20141357,Low
0,0.19754104,Low
1,0.19677322,Low
0,0.19661367,Low
1,0.19563782,Low
0,0.19501922,Low
0,0.19294682,Low
1,0.18912844,Low
0,0.1876116,Low
0,0.18454745,Low
0,0.18240353,Low
1,0.18157649,Low
0,0.18099666,Low
1,0.17985936,Low
1,0.1782097,Low
1,0.17377302,Low
1,0.1624379,Low
0,0.1574154,Low
1,0.15627645,Low
0,0.15512045,Low
1,0.15397501,Low
1,0.15382445,Low
0,0.15134464,Low
0,0.14275001,Low
0,0.13216946,Low
0,0.13182464,Low
1,0.12766361,Low
0,0.10801526,Low
1,0.10272612,Low
1,0.09760695,Low
1,0.09743851,Low
1,0.09110486,Low
0,0.07835418,Low
0,0.07759168,Low
1,0.075514175,Low
0,0.07034775,Low
0,0.043692075,Low
0,0.03140293,Low
1,0.02364016,Low
0,0.0163738,Low
0,0.014057586,Low
0,0.0021936942,Low
0,0.0021288018,Low
0,0.0019674283,Low
0,0.0015815867,Low
0,0.0012619754,Low
0,0.0012443792,Low
0,0.0012226892,Low
0,0.0011139251,Low
0,0.0010307545,Low
0,0.0010180891,Low
0,0.0010061647,Low
0,0.0009201623,Low
0,0.00087539136,Low
0,0.0008604225,Low
0,0.0008578479,Low
0,0.0008203635,Low
0,0.00078887685,Low
0,0.0007479599,Low
0,0.00073313847,Low
0,0.00070851383,Low
0,0.00070781563,Low
0,0.0007069292,Low
0,0.00070637936,Low
0,0.0007039262,Low
0,0.0006865423,Low
0,0.00068487297,Low
0,0.0006713748,Low
0,0.0006675269,Low
0,0.00066618685,Low
0,0.000666159,Low
0,0.0006530113,Low
0,0.00064112915,Low
0,0.00063619605,Low
0,0.0006305394,Low
0,0.0006180536,Low
0,0.0006118731,Low
0,0.0006047172,Low
0,0.00060043053,Low
0,0.0005997959,Low
0,0.0005995476,Low
0,0.00059706985,Low
0,0.0005939323,Low
0,0.00058966584,Low
0,0.0005887244,Low
0,0.0005886085,Low
0,0.0005881335,Low
0,0.00058686634,Low
0,0.0005848397,Low
0,0.0005843962,Low
0,0.0005800204,Low
0,0.0005790728,Low
0,0.0005748037,Low
0,0.0005745945,Low
0,0.0005745627,Low
0,0.0005595861,Low
0,0.00055730634,Low
0,0.00055698695,Low
0,0.00055442046,Low
0,0.00054855034,Low
0,0.00054629706,Low
0,0.0005389883,Low
0,0.00053895643,Low
0,0.0005329189,Low
0,0.0005304713,Low
0,0.0005283162,Low
0,0.00052489847,Low
0,0.00052097416,Low
0,0.0005191257,Low
0,0.00051344384,Low
0,0.00051228964,Low
0,0.00050826283,Low
0,0.0005025058,Low
0,0.0004967388,Low
0,0.00049578893,Low
0,0.00049344666,Low
0,0.0004919671,Low
0,0.0004894746,Low
0,0.0004866746,Low
0,0.00048560696,Low
0,0.00047860807,Low
0,0.00047651748,Low
0,0.00047299577,Low
0,0.00046992136,Low
0,0.0004696688,Low
0,0.00046555707,Low
0,0.00046390714,Low
0,0.00045926785,Low
0,0.00045925385,Low
0,0.00045901944,Low
0,0.00045224105,Low
0,0.00045071926,Low
0,0.0004495123,Low
0,0.00044735958,Low
0,0.00044499798,Low
0,0.00044400498,Low
0,0.0004437285,Low
0,0.0004435052,Low
0,0.00044205115,Low
0,0.00043929106,Low
0,0.0004390828,Low
0,0.00043813535,Low
0,0.0004379625,Low
0,0.0004378602,Low
0,0.00043439772,Low
0,0.0004342518,Low
0,0.00043123052,Low
0,0.00043120215,Low
0,0.00042891008,Low
0,0.00042877518,Low
0,0.00042687551,Low
0,0.0004265265,Low
0,0.00042495367,Low
0,0.0004228931,Low
0,0.00042199023,Low
0,0.00042083027,Low
0,0.000420094,Low
0,0.0004200407,Low
0,0.0004195477,Low
0,0.00041842976,Low
0,0.0004164143,Low
0,0.00041639028,Low
0,0.00041592531,Low
0,0.00041561932,Low
0,0.00041385897,Low
0,0.000411842,Low
0,0.00041111847,Low
0,0.00040955478,Low
0,0.00040929348,Low
0,0.00040804042,Low
0,0.00040423055,Low
0,0.00040205783,Low
0,0.0004019308,Low
0,0.00040146153,Low
0,0.00039852678,Low
0,0.00039843388,Low
0,0.00039750157,Low
0,0.0003959372,Low
0,0.00039254702,Low
0,0.00039199958,Low
0,0.0003915654,Low
0,0.0003914023,Low
0,0.00039048714,Low
0,0.0003861076,Low
0,0.00038601502,Low
0,0.0003856474,Low
0,0.00038287273,Low
0,0.0003827711,Low
0,0.0003827344,Low
0,0.00038255658,Low
0,0.00038163594,Low
0,0.00038059484,Low
0,0.00037949436,Low
0,0.000378979,Low
0,0.00037759962,Low
0,0.0003761976,Low
0,0.0003760106,Low
0,0.0003741099,Low
0,0.00037389915,Low
0,0.0003724697,Low
0,0.00037222565,Low
0,0.0003721171,Low
0,0.00036792018,Low
0,0.00036583302,Low
0,0.00036565468,Low
0,0.00036440155,Low
0,0.00036421593,Low
0,0.0003637194,Low
0,0.00036312608,Low
0,0.00036306863,Low
0,0.0003622822,Low
0,0.0003622817,Low
0,0.00036167813,Low
0,0.00036091657,Low
0,0.00035861848,Low
0,0.00035853422,Low
0,0.00035793145,Low
0,0.00035764594,Low
0,0.00035678997,Low
0,0.0003563681,Low
0,0.00035595032,Low
0,0.00035563894,Low
0,0.0003555318,Low
0,0.00035418992,Low
0,0.00035358215,Low
0,0.00035324608,Low
0,0.00035302623,Low
0,0.0003517691,Low
0,0.0003517295,Low
0,0.00034787453,Low
0,0.00034762456,Low
0,0.00034762276,Low
0,0.00034727345,Low
0,0.000346991,Low
0,0.00034465926,Low
0,0.00034433068,Low
0,0.00034215936,Low
0,0.00034212737,Low
0,0.00034182402,Low
0,0.0003414441,Low
0,0.00034076688,Low
0,0.00034040047,Low
0,0.0003404003,Low
0,0.00033975334,Low
0,0.00033924583,Low
0,0.00033887717,Low
0,0.0003382378,Low
0,0.00033732387,Low
0,0.00033722306,Low
0,0.00033720635,Low
0,0.00033708484,Low
0,0.000336331,Low
0,0.0003349606,Low
0,0.0003339973,Low
0,0.0003309762,Low
0,0.00033096358,Low
0,0.00032923147,Low
0,0.0003272241,Low
0,0.00032026164,Low
0,0.00032012243,Low
0,0.0003199955,Low
0,0.0003187769,Low
0,0.00031845827,Low
0,0.00031829285,Low
0,0.00031798196,Low
0,0.00031677046,Low
0,0.00031669374,Low
0,0.00031513424,Low
0,0.0003146437,Low
0,0.00031350285,Low
0,0.00031319933,Low
0,0.00031294234,Low
0,0.0003125276,Low
0,0.00031150316,Low
0,0.0003111378,Low
0,0.00031057614,Low
0,0.0003103722,Low
0,0.00031022282,Low
0,0.000308913,Low
0,0.00030876315,Low
0,0.0003072831,Low
0,0.00030697096,Low
0,0.00030679716,Low
0,0.0003067033,Low
0,0.00030649194,Low
0,0.00030623344,Low
0,0.00030595213,Low
0,0.00030592937,Low
0,0.00030436917,Low
0,0.00030411102,Low
0,0.00030327396,Low
0,0.00030266767,Low
0,0.0003021078,Low
0,0.0002996389,Low
0,0.00029812157,Low
0,0.00029746117,Low
0,0.00029730354,Low
0,0.0002937896,Low
0,0.0002928726,Low
0,0.00029228293,Low
0,0.00029213584,Low
0,0.00029163214,Low
0,0.00029127783,Low
0,0.0002903604,Low
0,0.0002901318,Low
0,0.00029008478,Low
0,0.00028954018,Low
0,0.00028880598,Low
0,0.00028803936,Low
0,0.0002862787,Low
0,0.00028613707,Low
0,0.00028565025,Low
0,0.00028526652,Low
0,0.00028483386,Low
0,0.00028475974,Low
0,0.00028433706,Low
0,0.00028326423,Low
0,0.00028321697,Low
0,0.0002815972,Low
0,0.0002814898,Low
0,0.00028012443,Low
0,0.00027979453,Low
0,0.00027938056,Low
0,0.00027909144,Low
0,0.00027875078,Low
0,0.00027845675,Low
0,0.00027844426,Low
0,0.00027819906,Low
0,0.0002768895,Low
0,0.00027557218,Low
0,0.00027530378,Low
0,0.00027491245,Low
0,0.00027490014,Low
0,0.00027473507,Low
0,0.0002744013,Low
0,0.00027395666,Low
0,0.00027368122,Low
0,0.00027358602,Low
0,0.0002730729,Low
0,0.00027297842,Low
0,0.00027261116,Low
0,0.0002714464,Low
0,0.00027024152,Low
0,0.00026901736,Low
0,0.00026883403,Low
0,0.0002686649,Low
0,0.00026848464,Low
0,0.00026826587,Low
0,0.00026788734,Low
0,0.0002678184,Low
0,0.00026619475,Low
0,0.00026611733,Low
0,0.0002658876,Low
0,0.00026583357,Low
0,0.0002655962,Low
0,0.00026540912,Low
0,0.00026538054,Low
0,0.00026505688,Low
0,0.00026487475,Low
0,0.00026429354,Low
0,0.00026365102,Low
0,0.00026334578,Low
0,0.00026295887,Low
0,0.00026276088,Low
0,0.00026210185,Low
0,0.0002608322,Low
0,0.00026037503,Low
0,0.00026019214,Low
0,0.00025948955,Low
0,0.00025939828,Low
0,0.00025922272,Low
0,0.00025920346,Low
0,0.0002590441,Low
0,0.00025851044,Low
0,0.00025804283,Low
0,0.00025708022,Low
0,0.00025706182,Low
0,0.00025682957,Low
0,0.00025616,Low
0,0.00025580564,Low
0,0.00025571467,Low
0,0.0002547588,Low
0,0.00025387763,Low
0,0.00025324762,Low
0,0.000253194,Low
0,0.00025316628,Low
0,0.00025284977,Low
0,0.00025258955,Low
0,0.00025238327,Low
0,0.0002523563,Low
0,0.00025203842,Low
0,0.00025186787,Low
0,0.00025131926,Low
0,0.00025074533,Low
0,0.0002498802,Low
0,0.00024942437,Low
0,0.00024937943,Low
0,0.00024887064,Low
0,0.00024838562,Low
0,0.00024754825,Low
0,0.00024726705,Low
0,0.0002470121,Low
0,0.00024674917,Low
0,0.00024642824,Low
0,0.00024641017,Low
0,0.00024632912,Low
0,0.0002459846,Low
0,0.00024577384,Low
0,0.00024536552,Low
0,0.00024518193,Low
0,0.00024435323,Low
0,0.00024402776,Low
0,0.00024335927,Low
0,0.00024312666,Low
0,0.00024254761,Low
0,0.00024224348,Low
0,0.00024220698,Low
0,0.00024209892,Low
0,0.00024203706,Low
0,0.00024098819,Low
0,0.00024063209,Low
0,0.00024053873,Low
0,0.00024013154,Low
0,0.00024010977,Low
0,0.00023947352,Low
0,0.00023867298,Low
0,0.00023839073,Low
0,0.00023803324,Low
0,0.00023758362,Low
0,0.00023719681,Low
0,0.00023677248,Low
0,0.00023663504,Low
0,0.0002365606,Low
0,0.00023592741,Low
0,0.00023559408,Low
0,0.00023522507,Low
0,0.0002341164,Low
0,0.0002340615,Low
0,0.00023350646,Low
0,0.0002332606,Low
0,0.00023296522,Low
0,0.0002324223,Low
0,0.00023240481,Low
0,0.00023203835,Low
0,0.00023203593,Low
0,0.00023183314,Low
0,0.00023169746,Low
0,0.00023115818,Low
0,0.00023037796,Low
0,0.00023032131,Low
0,0.00023008337,Low
0,0.00022979485,Low
0,0.00022963891,Low
0,0.00022874429,Low
0,0.00022858033,Low
0,0.00022699338,Low
0,0.00022667761,Low
0,0.00022660954,Low
0,0.00022656632,Low
0,0.00022627033,Low
0,0.00022605363,Low
0,0.00022601614,Low
0,0.00022576608,Low
0,0.00022520195,Low
0,0.00022516094,Low
0,0.00022507488,Low
0,0.00022503323,Low
0,0.00022483293,Low
0,0.00022468057,Low
0,0.0002236263,Low
0,0.00022319706,Low
0,0.00022300008,Low
0,0.0002225553,Low
0,0.00022247872,Low
0,0.00022225418,Low
0,0.00022157817,Low
0,0.0002215547,Low
0,0.00022137268,Low
0,0.00022117753,Low
0,0.0002211691,Low
0,0.00022055839,Low
0,0.00021988229,Low
0,0.00021966771,Low
0,0.0002195716,Low
0,0.0002195561,Low
0,0.00021927262,Low
0,0.00021916896,Low
0,0.00021884216,Low
0,0.0002182331,Low
0,0.00021821812,Low
0,0.00021811496,Low
0,0.00021801828,Low
0,0.00021799312,Low
0,0.00021744987,Low
0,0.00021744736,Low
0,0.00021714157,Low
0,0.00021701159,Low
0,0.00021663986,Low
0,0.0002165771,Low
0,0.00021645012,Low
0,0.00021634079,Low
0,0.00021580677,Low
0,0.00021570433,Low
0,0.00021517559,Low
0,0.00021475583,Low
0,0.00021459637,Low
0,0.00021448919,Low
0,0.00021401668,Low
0,0.00021397648,Low
0,0.00021296246,Low
0,0.00021295658,Low
0,0.0002128224,Low
0,0.00021265668,Low
0,0.00021233676,Low
0,0.00021168929,Low
0,0.00021163479,Low
0,0.00021153048,Low
0,0.00021121911,Low
0,0.0002111754,Low
0,0.00021100111,Low
0,0.00021088446,Low
0,0.0002107544,Low
0,0.00021069874,Low
0,0.00021060235,Low
0,0.00021055476,Low
0,0.00021053167,Low
0,0.00020974924,Low
0,0.00020965988,Low
0,0.0002096049,Low
0,0.00020953717,Low
0,0.0002094355,Low
0,0.00020926424,Low
0,0.00020905423,Low
0,0.00020842075,Low
0,0.00020836492,Low
0,0.00020812365,Low
0,0.00020810937,Low
0,0.00020776855,Low
0,0.0002073148,Low
0,0.00020730413,Low
0,0.00020697885,Low
0,0.00020664578,Low
0,0.00020661346,Low
0,0.00020578007,Low
0,0.00020559925,Low
0,0.00020518799,Low
0,0.00020438158,Low
0,0.00020413872,Low
0,0.00020363482,Low
0,0.00020352923,Low
0,0.00020329106,Low
0,0.00020326508,Low
0,0.00020320986,Low
0,0.00020217127,Low
0,0.00020216125,Low
0,0.00020170338,Low
0,0.0002016509,Low
0,0.00020164627,Low
0,0.0002015915,Low
0,0.00020144794,Low
0,0.0002005889,Low
0,0.00020036851,Low
0,0.00020026269,Low
0,0.00019993073,Low
0,0.0001998423,Low
0,0.00019975904,Low
0,0.00019932904,Low
0,0.00019878166,Low
0,0.00019877066,Low
0,0.0001982392,Low
0,0.00019822559,Low
0,0.00019814019,Low
0,0.00019780682,Low
0,0.00019745312,Low
0,0.00019702058,Low
0,0.00019682138,Low
0,0.00019675364,Low
0,0.0001965485,Low
0,0.000196399,Low
0,0.00019639694,Low
0,0.00019572787,Low
0,0.00019550574,Low
0,0.00019533916,Low
0,0.00019487613,Low
0,0.00019481072,Low
0,0.00019463601,Low
0,0.00019453082,Low
0,0.0001943886,Low
0,0.00019384851,Low
0,0.00019360191,Low
0,0.00019354452,Low
0,0.00019353419,Low
0,0.0001934506,Low
0,0.00019342608,Low
0,0.00019337038,Low
0,0.00019330661,Low
0,0.00019320784,Low
0,0.00019269691,Low
0,0.00019263006,Low
0,0.00019249144,Low
0,0.00019212636,Low
0,0.00019156406,Low
0,0.00019138076,Low
0,0.00019127058,Low
0,0.00019073514,Low
0,0.00019052683,Low
0,0.00019052303,Low
0,0.0001902538,Low
0,0.00018970403,Low
0,0.00018919085,Low
0,0.00018912448,Low
0,0.00018904929,Low
0,0.00018902081,Low
0,0.00018896333,Low
0,0.00018890767,Low
0,0.0001885102,Low
0,0.00018811392,Low
0,0.00018796975,Low
0,0.00018703866,Low
0,0.00018695556,Low
0,0.00018678237,Low
0,0.00018671756,Low
0,0.00018666309,Low
0,0.00018648182,Low
0,0.00018621564,Low
0,0.00018582861,Low
0,0.00018556196,Low
0,0.00018537522,Low
0,0.00018533086,Low
0,0.00018489259,Low
0,0.00018461655,Low
0,0.00018425657,Low
0,0.00018401076,Low
0,0.00018388273,Low
0,0.00018332586,Low
0,0.00018291517,Low
0,0.00018262431,Low
0,0.00018239426,Low
0,0.00018235513,Low
0,0.00018207559,Low
0,0.00018201309,Low
0,0.0001819763,Low
0,0.00018169197,Low
0,0.00018151604,Low
0,0.0001813695,Low
0,0.00018105727,Low
0,0.00018099097,Low
0,0.00018060603,Low
0,0.00018057694,Low
0,0.00018045248,Low
0,0.00018033605,Low
0,0.00018017895,Low
0,0.00018016108,Low
0,0.00018009925,Low
0,0.00017986655,Low
0,0.00017943281,Low
0,0.00017937414,Low
0,0.00017936183,Low
0,0.00017905203,Low
0,0.00017868279,Low
0,0.00017810089,Low
0,0.00017809427,Low
0,0.00017792471,Low
0,0.00017785195,Low
0,0.00017776055,Low
0,0.00017739128,Low
0,0.00017732091,Low
0,0.00017723166,Low
0,0.0001770101,Low
0,0.00017698326,Low
0,0.00017684307,Low
0,0.00017664034,Low
0,0.0001764604,Low
0,0.00017634802,Low
0,0.00017627238,Low
0,0.00017602414,Low
0,0.00017602245,Low
0,0.00017572311,Low
0,0.0001755625,Low
0,0.00017553137,Low
0,0.00017513048,Low
0,0.00017505285,Low
0,0.00017483499,Low
0,0.00017464222,Low
0,0.00017463256,Low
0,0.00017456713,Low
0,0.00017448126,Low
0,0.00017447877,Low
0,0.00017417675,Low
0,0.00017370224,Low
0,0.0001736855,Low
0,0.00017283768,Low
0,0.00017270885,Low
0,0.00017196102,Low
0,0.0001717244,Low
0,0.00017166515,Low
0,0.00017113188,Low
0,0.00017109745,Low
0,0.00017082489,Low
0,0.0001706232,Low
0,0.00017032589,Low
0,0.0001702723,Low
0,0.0001702072,Low
0,0.00016995714,Low
0,0.00016980553,Low
0,0.0001696885,Low
0,0.00016961522,Low
0,0.00016959371,Low
0,0.00016933146,Low
0,0.000169315,Low
0,0.00016928738,Low
0,0.00016915218,Low
0,0.0001689966,Low
0,0.00016874187,Low
0,0.00016862075,Low
0,0.00016854005,Low
0,0.00016842198,Low
0,0.0001683125,Low
0,0.00016809854,Low
0,0.00016805927,Low
0,0.00016790199,Low
0,0.00016759713,Low
0,0.00016724766,Low
0,0.00016710054,Low
0,0.00016683435,Low
0,0.000166758,Low
0,0.00016650013,Low
0,0.00016637557,Low
0,0.00016630704,Low
0,0.0001661319,Low
0,0.00016514635,Low
0,0.0001650678,Low
0,0.00016467164,Low
0,0.00016442892,Low
0,0.0001643399,Low
0,0.00016408075,Low
0,0.00016401334,Low
0,0.00016388702,Low
0,0.00016375925,Low
0,0.0001635311,Low
0,0.00016338211,Low
0,0.00016317566,Low
0,0.00016297089,Low
0,0.00016284134,Low
0,0.00016244448,Low
0,0.00016222267,Low
0,0.00016220688,Low
0,0.00016205708,Low
0,0.00016191947,Low
0,0.00016191376,Low
0,0.00016173616,Low
0,0.00016160404,Low
0,0.00016155027,Low
0,0.00016147895,Low
0,0.00016109418,Low
0,0.00016104964,Low
0,0.00016101217,Low
0,0.0001609873,Low
0,0.00016072456,Low
0,0.00016064351,Low
0,0.00016054275,Low
0,0.00016035336,Low
0,0.00016034831,Low
0,0.00016026592,Low
0,0.00015997996,Low
0,0.00015993237,Low
0,0.00015989332,Low
0,0.00015978937,Low
0,0.00015933614,Low
0,0.00015923119,Low
0,0.00015918717,Low
0,0.00015889357,Low
0,0.00015871278,Low
0,0.00015862336,Low
0,0.00015853217,Low
0,0.00015831602,Low
0,0.00015811491,Low
0,0.00015799087,Low
0,0.00015790925,Low
0,0.00015781999,Low
0,0.00015781487,Low
0,0.0001576637,Low
0,0.00015756197,Low
0,0.0001571991,Low
0,0.00015712627,Low
0,0.00015705558,Low
0,0.00015698923,Low
0,0.0001568691,Low
0,0.00015677279,Low
0,0.0001566289,Low
0,0.00015608323,Low
0,0.00015593953,Low
0,0.00015589553,Low
0,0.00015557952,Low
0,0.00015557387,Low
0,0.00015551159,Low
0,0.00015543257,Low
0,0.00015540027,Low
0,0.00015524638,Low
0,0.00015506234,Low
0,0.00015489077,Low
0,0.00015475585,Low
0,0.00015456634,Low
0,0.00015449076,Low
0,0.00015447485,Low
0,0.00015409265,Low
0,0.00015367373,Low
0,0.00015349315,Low
0,0.00015348905,Low
0,0.0001533011,Low
0,0.00015287165,Low
0,0.00015287136,Low
0,0.00015246957,Low
0,0.00015238833,Low
0,0.00015219607,Low
0,0.00015170459,Low
0,0.00015156565,Low
0,0.00015136071,Low
0,0.00015119641,Low
0,0.00015115691,Low
0,0.00015096692,Low
0,0.0001509518,Low
0,0.00015075604,Low
0,0.00015073664,Low
0,0.00015065414,Low
0,0.00015058149,Low
0,0.00015037759,Low
0,0.00015008292,Low
0,0.0001500593,Low
0,0.00015002568,Low
0,0.00014982883,Low
0,0.00014975856,Low
0,0.00014967077,Low
0,0.00014962553,Low
0,0.00014922515,Low
0,0.00014917394,Low
0,0.00014913184,Low
0,0.0001489816,Low
0,0.00014897919,Low
0,0.00014896257,Low
0,0.0001489397,Low
0,0.00014890918,Low
0,0.00014879393,Low
0,0.00014876967,Low
0,0.0001484681,Low
0,0.00014842776,Low
0,0.00014836875,Low
0,0.00014834611,Low
0,0.00014833975,Low
0,0.00014817138,Low
0,0.00014816913,Low
0,0.00014763758,Low
0,0.00014749476,Low
0,0.00014679645,Low
0,0.00014649497,Low
0,0.00014569063,Low
0,0.00014562174,Low
0,0.00014558078,Low
0,0.00014531908,Low
0,0.00014530022,Low
0,0.00014527045,Low
0,0.00014512437,Low
0,0.0001448447,Low
0,0.00014437531,Low
0,0.00014429205,Low
0,0.0001442428,Low
0,0.00014412621,Low
0,0.00014364849,Low
0,0.0001434775,Low
0,0.0001433975,Low
0,0.00014339229,Low
0,0.00014310137,Low
0,0.00014302401,Low
0,0.00014284179,Low
0,0.00014277043,Low
0,0.0001427315,Low
0,0.00014254381,Low
0,0.00014252383,Low
0,0.0001421971,Low
0,0.00014195418,Low
0,0.00014190398,Low
0,0.0001415854,Low
0,0.00014151765,Low
0,0.00014125071,Low
0,0.00014116064,Low
0,0.00014111286,Low
0,0.0001409504,Low
0,0.0001409062,Low
0,0.00014065919,Low
0,0.00014056507,Low
0,0.00014042614,Low
0,0.00014040485,Low
0,0.0001403556,Low
0,0.00014027064,Low
0,0.00014012598,Low
0,0.00013995053,Low
0,0.00013988248,Low
0,0.00013967324,Low
0,0.00013950298,Low
0,0.00013948197,Low
0,0.00013941243,Low
0,0.0001394119,Low
0,0.00013924451,Low
0,0.00013905662,Low
0,0.00013896941,Low
0,0.00013873915,Low
0,0.00013872923,Low
0,0.00013853953,Low
0,0.00013841,Low
0,0.00013815485,Low
0,0.00013802003,Low
0,0.00013768824,Low
0,0.00013762194,Low
0,0.00013751884,Low
0,0.00013746483,Low
0,0.00013727149,Low
0,0.00013711974,Low
0,0.00013693263,Low
0,0.00013679809,Low
0,0.00013668425,Low
0,0.00013653953,Low
0,0.00013629913,Low
0,0.00013606476,Low
0,0.00013601533,Low
0,0.0001359575,Low
0,0.00013588803,Low
0,0.00013586562,Low
0,0.0001358542,Low
0,0.00013560106,Low
0,0.00013556382,Low
0,0.00013555387,Low
0,0.00013526142,Low
0,0.0001352489,Low
0,0.00013520765,Low
0,0.00013514243,Low
0,0.00013473249,Low
0,0.00013457854,Low
0,0.00013449977,Low
0,0.0001344572,Low
0,0.00013406914,Low
0,0.00013385812,Low
0,0.00013383247,Low
0,0.00013371524,Low
0,0.0001330654,Low
0,0.00013295519,Low
0,0.0001328044,Low
0,0.00013266898,Low
0,0.00013263292,Low
0,0.0001319823,Low
0,0.00013190092,Low
0,0.00013187513,Low
0,0.00013184446,Low
0,0.00013104267,Low
0,0.00013097646,Low
0,0.00013073153,Low
0,0.00013070572,Low
0,0.0001306499,Low
0,0.00013061601,Low
0,0.00013053657,Low
0,0.00013052898,Low
0,0.00013051828,Low
0,0.00012990553,Low
0,0.00012976625,Low
0,0.0001296919,Low
0,0.00012953988,Low
0,0.00012936436,Low
0,0.00012927508,Low
0,0.00012918377,Low
0,0.0001291009,Low
0,0.00012908157,Low
0,0.00012896235,Low
0,0.00012857385,Low
0,0.00012854775,Low
0,0.00012853365,Low
0,0.00012829059,Low
0,0.00012802162,Low
0,0.00012779696,Low
0,0.00012776721,Low
0,0.0001274861,Low
0,0.00012746907,Low
0,0.00012742837,Low
0,0.00012701021,Low
0,0.00012691373,Low
0,0.00012672725,Low
0,0.00012628225,Low
0,0.00012623638,Low
0,0.00012612424,Low
0,0.0001258921,Low
0,0.00012584626,Low
0,0.0001255229,Low
0,0.00012551344,Low
0,0.00012551105,Low
0,0.00012537277,Low
0,0.0001253583,Low
0,0.00012531313,Low
0,0.00012528518,Low
0,0.00012512293,Low
0,0.00012504803,Low
0,0.00012500475,Low
0,0.00012500344,Low
0,0.00012481917,Low
0,0.0001246983,Low
0,0.00012459407,Low
0,0.00012458599,Low
0,0.00012425675,Low
0,0.00012417397,Low
0,0.00012414709,Low
0,0.00012386177,Low
0,0.00012385526,Low
0,0.00012383047,Low
0,0.00012370442,Low
0,0.00012370395,Low
0,0.00012361386,Low
0,0.00012355365,Low
0,0.0001233474,Low
0,0.00012328837,Low
0,0.000123249,Low
0,0.00012320164,Low
0,0.00012289423,Low
0,0.00012276703,Low
0,0.00012247682,Low
0,0.00012237595,Low
0,0.00012216259,Low
0,0.00012197333,Low
0,0.000121962854,Low
0,0.000121936115,Low
0,0.000121818506,Low
0,0.00012176612,Low
0,0.00012170031,Low
0,0.00012159162,Low
0,0.000121572724,Low
0,0.00012155418,Low
0,0.00012138623,Low
0,0.000121342826,Low
0,0.00012121007,Low
0,0.00012120822,Low
0,0.00012107064,Low
0,0.000120587996,Low
0,0.00012024261,Low
0,0.00012022517,Low
0,0.00011991375,Low
0,0.00011964877,Low
0,0.00011961933,Low
0,0.00011961306,Low
0,0.00011934658,Low
0,0.00011919384,Low
0,0.000118908436,Low
0,0.00011884552,Low
0,0.00011884065,Low
0,0.000118769734,Low
0,0.00011854095,Low
0,0.00011837785,Low
0,0.00011834895,Low
0,0.00011785973,Low
0,0.00011782108,Low
0,0.000117820964,Low
0,0.00011779772,Low
0,0.00011762507,Low
0,0.000117594354,Low
0,0.0001175624,Low
0,0.00011754379,Low
0,0.0001174752,Low
0,0.00011731021,Low
0,0.000117215604,Low
0,0.000117163756,Low
0,0.000116755895,Low
0,0.0001166662,Low
0,0.00011657391,Low
0,0.000116509116,Low
0,0.000116402945,Low
0,0.00011633115,Low
0,0.00011630997,Low
0,0.0001163011,Low
0,0.000116236566,Low
0,0.00011622138,Low
0,0.00011611461,Low
0,0.00011606224,Low
0,0.000116051735,Low
0,0.000115794835,Low
0,0.00011569561,Low
0,0.00011563009,Low
0,0.000115516035,Low
0,0.00011547737,Low
0,0.00011542916,Low
0,0.000115322444,Low
0,0.00011531915,Low
0,0.00011507846,Low
0,0.00011476067,Low
0,0.00011467108,Low
0,0.00011464604,Low
0,0.00011450249,Low
0,0.00011419924,Low
0,0.00011415732,Low
0,0.000113936236,Low
0,0.00011374517,Low
0,0.00011356754,Low
0,0.00011339722,Low
0,0.00011322261,Low
0,0.000113064656,Low
0,0.00011301938,Low
0,0.00011293439,Low
0,0.00011290359,Low
0,0.000112771566,Low
0,0.00011258171,Low
0,0.00011252708,Low
0,0.00011251239,Low
0,0.000112481815,Low
0,0.000112423586,Low
0,0.000112382535,Low
0,0.00011230326,Low
0,0.00011197338,Low
0,0.00011171784,Low
0,0.000111633926,Low
0,0.00011145725,Low
0,0.00011136238,Low
0,0.000111317255,Low
0,0.000111243935,Low
0,0.0001111237,Low
0,0.00011111407,Low
0,0.000111107074,Low
0,0.000111081434,Low
0,0.00011105337,Low
0,0.000111025096,Low
0,0.00011073972,Low
0,0.00011068028,Low
0,0.00011061688,Low
0,0.00011057185,Low
0,0.000110562665,Low
0,0.00011050649,Low
0,0.00011048731,Low
0,0.00011018966,Low
0,0.00011009933,Low
0,0.00011009891,Low
0,0.000109964196,Low
0,0.00010994836,Low
0,0.00010980199,Low
0,0.000109774555,Low
0,0.000109640445,Low
0,0.00010946651,Low
0,0.00010935811,Low
0,0.00010932641,Low
0,0.00010912883,Low
0,0.00010903292,Low
0,0.000109013476,Low
0,0.00010890138,Low
0,0.000108444685,Low
0,0.00010835879,Low
0,0.00010833937,Low
0,0.00010819565,Low
0,0.00010808872,Low
0,0.00010808841,Low
0,0.00010771676,Low
0,0.000107585365,Low
0,0.00010735601,Low
0,0.00010734168,Low
0,0.00010718416,Low
0,0.00010695923,Low
0,0.000106774074,Low
0,0.000106614134,Low
0,0.00010657592,Low
0,0.00010635146,Low
0,0.00010625901,Low
0,0.00010622862,Low
0,0.00010596679,Low
0,0.000105952335,Low
0,0.000105913445,Low
0,0.000105871135,Low
0,0.00010579918,Low
0,0.000105596286,Low
0,0.00010552764,Low
0,0.00010545079,Low
0,0.00010527335,Low
0,0.00010521965,Low
0,0.00010520852,Low
0,0.00010511928,Low
0,0.00010509542,Low
0,0.00010495271,Low
0,0.00010482729,Low
0,0.00010482338,Low
0,0.00010476653,Low
0,0.00010476013,Low
0,0.000104604114,Low
0,0.000104396044,Low
0,0.0001043842,Low
0,0.00010435872,Low
0,0.000104284205,Low
0,0.000104207764,Low
0,0.00010415383,Low
0,0.000104150946,Low
0,0.00010407629,Low
0,0.00010405604,Low
0,0.00010394774,Low
0,0.000103916915,Low
0,0.0001038048,Low
0,0.00010370765,Low
0,0.00010359438,Low
0,0.000103306236,Low
0,0.0001032684,Low
0,0.00010324743,Low
0,0.00010316811,Low
0,0.00010316378,Low
0,0.00010298303,Low
0,0.00010243329,Low
0,0.00010243232,Low
0,0.00010233566,Low
0,0.00010223344,Low
0,0.00010215509,Low
0,0.00010206746,Low
0,0.00010189514,Low
0,0.000101852784,Low
0,0.00010184938,Low
0,0.000101738726,Low
0,0.00010165871,Low
0,0.00010165096,Low
0,0.000101622856,Low
0,0.00010161927,Low
0,0.00010157984,Low
0,0.00010142827,Low
0,0.000101317586,Low
0,0.000101214355,Low
0,0.00010115578,Low
0,0.00010111393,Low
0,0.000100939076,Low
0,0.000100844794,Low
0,0.00010056813,Low
0,0.00010051194,Low
0,0.000100501406,Low
0,0.000100379766,Low
0,0.00010037029,Low
0,0.000100341385,Low
0,0.00010031441,Low
0,0.00010030561,Low
0,0.00010023782,Low
0,0.000100214405,Low
0,0.000100062,Low
0,9.998389e-05,Low
0,9.988792e-05,Low
0,9.986116e-05,Low
0,9.9804034e-05,Low
0,9.9512195e-05,Low
0,9.930469e-05,Low
0,9.9228404e-05,Low
0,9.916152e-05,Low
0,9.89439e-05,Low
0,9.88824e-05,Low
0,9.882123e-05,Low
0,9.871659e-05,Low
0,9.8581884e-05,Low
0,9.855848e-05,Low
0,9.853085e-05,Low
0,9.842914e-05,Low
0,9.816294e-05,Low
0,9.801385e-05,Low
0,9.801226e-05,Low
0,9.788122e-05,Low
0,9.7619755e-05,Low
0,9.761287e-05,Low
0,9.7472235e-05,Low
0,9.7445e-05,Low
0,9.700157e-05,Low
0,9.695496e-05,Low
0,9.69447e-05,Low
0,9.68005e-05,Low
0,9.670068e-05,Low
0,9.654882e-05,Low
0,9.649811e-05,Low
0,9.636276e-05,Low
0,9.635136e-05,Low
0,9.617768e-05,Low
0,9.610416e-05,Low
0,9.604983e-05,Low
0,9.6012e-05,Low
0,9.595096e-05,Low
0,9.579061e-05,Low
0,9.565469e-05,Low
0,9.556015e-05,Low
0,9.553145e-05,Low
0,9.53737e-05,Low
0,9.536252e-05,Low
0,9.5047944e-05,Low
0,9.500817e-05,Low
0,9.4925665e-05,Low
0,9.4847666e-05,Low
0,9.480129e-05,Low
0,9.477688e-05,Low
0,9.47457e-05,Low
0,9.471617e-05,Low
0,9.461028e-05,Low
0,9.455282e-05,Low
0,9.455148e-05,Low
0,9.426277e-05,Low
0,9.419996e-05,Low
0,9.4190524e-05,Low
0,9.410433e-05,Low
0,9.389629e-05,Low
0,9.388993e-05,Low
0,9.383999e-05,Low
0,9.378631e-05,Low
0,9.368182e-05,Low
0,9.355969e-05,Low
0,9.346143e-05,Low
0,9.34518e-05,Low
0,9.3428374e-05,Low
0,9.3357216e-05,Low
0,9.329011e-05,Low
0,9.3285926e-05,Low
0,9.307409e-05,Low
0,9.301838e-05,Low
0,9.290394e-05,Low
0,9.2786984e-05,Low
0,9.246617e-05,Low
0,9.24481e-05,Low
0,9.2374255e-05,Low
0,9.2359456e-05,Low
0,9.233383e-05,Low
0,9.2329254e-05,Low
0,9.22497e-05,Low
0,9.219394e-05,Low
0,9.20979e-05,Low
0,9.19974e-05,Low
0,9.193514e-05,Low
0,9.181239e-05,Low
0,9.1794616e-05,Low
0,9.1772126e-05,Low
0,9.1746486e-05,Low
0,9.171806e-05,Low
0,9.170556e-05,Low
0,9.167801e-05,Low
0,9.163685e-05,Low
0,9.159552e-05,Low
0,9.080898e-05,Low
0,9.079798e-05,Low
0,9.071671e-05,Low
0,9.053532e-05,Low
0,9.05026e-05,Low
0,9.037919e-05,Low
0,9.010752e-05,Low
0,9.00406e-05,Low
0,8.9993395e-05,Low
0,8.988919e-05,Low
0,8.986519e-05,Low
0,8.963753e-05,Low
0,8.9588306e-05,Low
0,8.945249e-05,Low
0,8.940746e-05,Low
0,8.9406436e-05,Low
0,8.934644e-05,Low
0,8.92915e-05,Low
0,8.9257876e-05,Low
0,8.923575e-05,Low
0,8.9211324e-05,Low
0,8.919423e-05,Low
0,8.91694e-05,Low
0,8.900552e-05,Low
0,8.896479e-05,Low
0,8.894876e-05,Low
0,8.886822e-05,Low
0,8.878554e-05,Low
0,8.873697e-05,Low
0,8.861047e-05,Low
0,8.859897e-05,Low
0,8.834663e-05,Low
0,8.834562e-05,Low
0,8.8335175e-05,Low
0,8.8305445e-05,Low
0,8.82339e-05,Low
0,8.818948e-05,Low
0,8.8080305e-05,Low
0,8.785784e-05,Low
0,8.780625e-05,Low
0,8.7644294e-05,Low
0,8.7502915e-05,Low
0,8.7263514e-05,Low
0,8.726235e-05,Low
0,8.716114e-05,Low
0,8.695658e-05,Low
0,8.6863096e-05,Low
0,8.6752756e-05,Low
0,8.669081e-05,Low
0,8.645908e-05,Low
0,8.628125e-05,Low
0,8.625566e-05,Low
0,8.6239466e-05,Low
0,8.596064e-05,Low
0,8.59222e-05,Low
0,8.591328e-05,Low
0,8.562709e-05,Low
0,8.55915e-05,Low
0,8.55591e-05,Low
0,8.543069e-05,Low
0,8.516488e-05,Low
0,8.5022635e-05,Low
0,8.5011525e-05,Low
0,8.4908475e-05,Low
0,8.4784355e-05,Low
0,8.466276e-05,Low
0,8.461934e-05,Low
0,8.4594816e-05,Low
0,8.458344e-05,Low
0,8.450379e-05,Low
0,8.4420826e-05,Low
0,8.426464e-05,Low
0,8.424455e-05,Low
0,8.4144514e-05,Low
0,8.4123574e-05,Low
0,8.409205e-05,Low
0,8.397666e-05,Low
0,8.368783e-05,Low
0,8.367929e-05,Low
0,8.3591636e-05,Low
0,8.358478e-05,Low
0,8.337709e-05,Low
0,8.32815e-05,Low
0,8.279065e-05,Low
0,8.2718834e-05,Low
0,8.269785e-05,Low
0,8.260383e-05,Low
0,8.258193e-05,Low
0,8.248041e-05,Low
0,8.233904e-05,Low
0,8.226008e-05,Low
0,8.2129336e-05,Low
0,8.19913e-05,Low
0,8.19784e-05,Low
0,8.193253e-05,Low
0,8.188441e-05,Low
0,8.183469e-05,Low
0,8.182954e-05,Low
0,8.165213e-05,Low
0,8.1608065e-05,Low
0,8.151606e-05,Low
0,8.1235616e-05,Low
0,8.11595e-05,Low
0,8.1093276e-05,Low
0,8.0887075e-05,Low
0,8.084165e-05,Low
0,8.074296e-05,Low
0,8.069239e-05,Low
0,8.064647e-05,Low
0,8.058704e-05,Low
0,8.0337515e-05,Low
0,8.03163e-05,Low
0,8.027794e-05,Low
0,8.023524e-05,Low
0,8.0161735e-05,Low
0,8.009832e-05,Low
0,8.0051585e-05,Low
0,8.0031205e-05,Low
0,7.989647e-05,Low
0,7.987681e-05,Low
0,7.982732e-05,Low
0,7.977983e-05,Low
0,7.96781e-05,Low
0,7.965774e-05,Low
0,7.962683e-05,Low
0,7.941261e-05,Low
0,7.933019e-05,Low
0,7.915231e-05,Low
0,7.909692e-05,Low
0,7.909308e-05,Low
0,7.906714e-05,Low
0,7.899953e-05,Low
0,7.884307e-05,Low
0,7.88227e-05,Low
0,7.859677e-05,Low
0,7.857242e-05,Low
0,7.853676e-05,Low
0,7.8272016e-05,Low
0,7.810686e-05,Low
0,7.803658e-05,Low
0,7.80121e-05,Low
0,7.791278e-05,Low
0,7.777619e-05,Low
0,7.773133e-05,Low
0,7.77151e-05,Low
0,7.765065e-05,Low
0,7.761733e-05,Low
0,7.755467e-05,Low
0,7.744219e-05,Low
0,7.7404904e-05,Low
0,7.732854e-05,Low
0,7.730569e-05,Low
0,7.7264565e-05,Low
0,7.7236284e-05,Low
0,7.702497e-05,Low
0,7.692697e-05,Low
0,7.690313e-05,Low
0,7.689822e-05,Low
0,7.676275e-05,Low
0,7.6703625e-05,Low
0,7.660414e-05,Low
0,7.659669e-05,Low
0,7.6531054e-05,Low
0,7.642953e-05,Low
0,7.6409495e-05,Low
0,7.628594e-05,Low
0,7.61546e-05,Low
0,7.6125274e-05,Low
0,7.604843e-05,Low
0,7.6040604e-05,Low
0,7.594175e-05,Low
0,7.59288e-05,Low
0,7.5471995e-05,Low
0,7.5265576e-05,Low
0,7.525431e-05,Low
0,7.5248e-05,Low
0,7.5010066e-05,Low
0,7.4977026e-05,Low
0,7.48413e-05,Low
0,7.4605094e-05,Low
0,7.449987e-05,Low
0,7.436401e-05,Low
0,7.433842e-05,Low
0,7.417492e-05,Low
0,7.4174e-05,Low
0,7.4158444e-05,Low
0,7.413673e-05,Low
0,7.412146e-05,Low
0,7.403669e-05,Low
0,7.3898584e-05,Low
0,7.387364e-05,Low
0,7.3862655e-05,Low
0,7.382195e-05,Low
0,7.373422e-05,Low
0,7.3553034e-05,Low
0,7.3537536e-05,Low
0,7.347396e-05,Low
0,7.3457915e-05,Low
0,7.3454765e-05,Low
0,7.3329415e-05,Low
0,7.328593e-05,Low
0,7.307024e-05,Low
0,7.3055744e-05,Low
0,7.30329e-05,Low
0,7.301709e-05,Low
0,7.290952e-05,Low
0,7.279545e-05,Low
0,7.276457e-05,Low
0,7.267559e-05,Low
0,7.2286384e-05,Low
0,7.221687e-05,Low
0,7.214356e-05,Low
0,7.210023e-05,Low
0,7.204621e-05,Low
0,7.202306e-05,Low
0,7.198269e-05,Low
0,7.179595e-05,Low
0,7.179177e-05,Low
0,7.172738e-05,Low
0,7.172601e-05,Low
0,7.170536e-05,Low
0,7.157979e-05,Low
0,7.1545255e-05,Low
0,7.15355e-05,Low
0,7.141833e-05,Low
0,7.141602e-05,Low
0,7.135802e-05,Low
0,7.1311355e-05,Low
0,7.1258466e-05,Low
0,7.117106e-05,Low
0,7.116794e-05,Low
0,7.10591e-05,Low
0,7.090984e-05,Low
0,7.082692e-05,Low
0,7.0715025e-05,Low
0,7.064479e-05,Low
0,7.059193e-05,Low
0,7.049923e-05,Low
0,7.035417e-05,Low
0,7.0224596e-05,Low
0,7.0047965e-05,Low
0,7.004095e-05,Low
0,7.002151e-05,Low
0,6.9836795e-05,Low
0,6.9809095e-05,Low
0,6.965635e-05,Low
0,6.963371e-05,Low
0,6.962275e-05,Low
0,6.9576556e-05,Low
0,6.942498e-05,Low
0,6.9327725e-05,Low
0,6.9238005e-05,Low
0,6.904035e-05,Low
0,6.893824e-05,Low
0,6.888987e-05,Low
0,6.888757e-05,Low
0,6.873186e-05,Low
0,6.865555e-05,Low
0,6.8556496e-05,Low
0,6.854767e-05,Low
0,6.851166e-05,Low
0,6.8277e-05,Low
0,6.812156e-05,Low
0,6.7815636e-05,Low
0,6.778479e-05,Low
0,6.739979e-05,Low
0,6.73642e-05,Low
0,6.722873e-05,Low
0,6.719649e-05,Low
0,6.719116e-05,Low
0,6.711695e-05,Low
0,6.697386e-05,Low
0,6.6952336e-05,Low
0,6.672709e-05,Low
0,6.672524e-05,Low
0,6.668892e-05,Low
0,6.660363e-05,Low
0,6.650639e-05,Low
0,6.6505185e-05,Low
0,6.6362336e-05,Low
0,6.6295535e-05,Low
0,6.618291e-05,Low
0,6.610646e-05,Low
0,6.609127e-05,Low
0,6.606304e-05,Low
0,6.581825e-05,Low
0,6.570354e-05,Low
0,6.548081e-05,Low
0,6.5388085e-05,Low
0,6.51246e-05,Low
0,6.5081025e-05,Low
0,6.504578e-05,Low
0,6.490333e-05,Low
0,6.4826876e-05,Low
0,6.4697866e-05,Low
0,6.44494e-05,Low
0,6.443281e-05,Low
0,6.436863e-05,Low
0,6.4313106e-05,Low
0,6.3974716e-05,Low
0,6.3952335e-05,Low
0,6.3529464e-05,Low
0,6.343157e-05,Low
0,6.342504e-05,Low
0,6.3191765e-05,Low
0,6.3179476e-05,Low
0,6.315177e-05,Low
0,6.302416e-05,Low
0,6.2956526e-05,Low
0,6.292501e-05,Low
0,6.2854306e-05,Low
0,6.2431965e-05,Low
0,6.237257e-05,Low
0,6.229964e-05,Low
0,6.226768e-05,Low
0,6.219439e-05,Low
0,6.21715e-05,Low
0,6.1992e-05,Low
0,6.196925e-05,Low
0,6.19364e-05,Low
0,6.189554e-05,Low
0,6.1834835e-05,Low
0,6.1756284e-05,Low
0,6.173773e-05,Low
0,6.162685e-05,Low
0,6.156618e-05,Low
0,6.150708e-05,Low
0,6.149418e-05,Low
0,6.1310435e-05,Low
0,6.122251e-05,Low
0,6.1097526e-05,Low
0,6.107416e-05,Low
0,6.071981e-05,Low
0,6.0583363e-05,Low
0,6.0567483e-05,Low
0,6.0522907e-05,Low
0,6.0481252e-05,Low
0,6.0329352e-05,Low
0,6.012196e-05,Low
0,5.99883e-05,Low
0,5.9881528e-05,Low
0,5.984591e-05,Low
0,5.981829e-05,Low
0,5.9796166e-05,Low
0,5.974515e-05,Low
0,5.9631937e-05,Low
0,5.95413e-05,Low
0,5.9435446e-05,Low
0,5.932192e-05,Low
0,5.9106493e-05,Low
0,5.909246e-05,Low
0,5.902544e-05,Low
0,5.9024704e-05,Low
0,5.8869162e-05,Low
0,5.8700713e-05,Low
0,5.868778e-05,Low
0,5.861786e-05,Low
0,5.850991e-05,Low
0,5.837009e-05,Low
0,5.8224097e-05,Low
0,5.8108555e-05,Low
0,5.8069447e-05,Low
0,5.7853937e-05,Low
0,5.779929e-05,Low
0,5.7629277e-05,Low
0,5.759236e-05,Low
0,5.7585774e-05,Low
0,5.756908e-05,Low
0,5.7242207e-05,Low
0,5.7196645e-05,Low
0,5.7134665e-05,Low
0,5.6915727e-05,Low
0,5.6877154e-05,Low
0,5.6749832e-05,Low
0,5.6738634e-05,Low
0,5.6674227e-05,Low
0,5.6642082e-05,Low
0,5.6528275e-05,Low
0,5.647353e-05,Low
0,5.646637e-05,Low
0,5.6390603e-05,Low
0,5.6259225e-05,Low
0,5.623659e-05,Low
0,5.6217606e-05,Low
0,5.6163968e-05,Low
0,5.6093955e-05,Low
0,5.5970897e-05,Low
0,5.585988e-05,Low
0,5.584289e-05,Low
0,5.5720808e-05,Low
0,5.567927e-05,Low
0,5.5437944e-05,Low
0,5.5389748e-05,Low
0,5.5322966e-05,Low
0,5.513074e-05,Low
0,5.5108136e-05,Low
0,5.5005177e-05,Low
0,5.495065e-05,Low
0,5.4833345e-05,Low
0,5.466836e-05,Low
0,5.4654072e-05,Low
0,5.4516913e-05,Low
0,5.447123e-05,Low
0,5.4468426e-05,Low
0,5.430355e-05,Low
0,5.4196e-05,Low
0,5.407504e-05,Low
0,5.3573465e-05,Low
0,5.353093e-05,Low
0,5.341502e-05,Low
0,5.340621e-05,Low
0,5.3389966e-05,Low
0,5.3268468e-05,Low
0,5.311761e-05,Low
0,5.3116088e-05,Low
0,5.3072956e-05,Low
0,5.2982283e-05,Low
0,5.2950814e-05,Low
0,5.2767937e-05,Low
0,5.261207e-05,Low
0,5.251818e-05,Low
0,5.238993e-05,Low
0,5.2247782e-05,Low
0,5.218569e-05,Low
0,5.215032e-05,Low
0,5.2012343e-05,Low
0,5.1899875e-05,Low
0,5.1833846e-05,Low
0,5.1713963e-05,Low
0,5.1640487e-05,Low
0,5.124221e-05,Low
0,5.123688e-05,Low
0,5.1115363e-05,Low
0,5.108286e-05,Low
0,5.08135e-05,Low
0,5.081074e-05,Low
0,5.076836e-05,Low
0,5.0490115e-05,Low
0,5.013397e-05,Low
0,4.9670372e-05,Low
0,4.948778e-05,Low
0,4.9303126e-05,Low
0,4.9228238e-05,Low
0,4.922711e-05,Low
0,4.9226874e-05,Low
0,4.9196275e-05,Low
0,4.8993366e-05,Low
0,4.8747115e-05,Low
0,4.867228e-05,Low
0,4.8499365e-05,Low
0,4.83681e-05,Low
0,4.820298e-05,Low
0,4.8171365e-05,Low
0,4.793646e-05,Low
0,4.786593e-05,Low
0,4.7772857e-05,Low
0,4.767051e-05,Low
0,4.7633384e-05,Low
0,4.7509537e-05,Low
0,4.7412766e-05,Low
0,4.730429e-05,Low
0,4.7022557e-05,Low
0,4.6987996e-05,Low
0,4.6928886e-05,Low
0,4.6814814e-05,Low
0,4.6488847e-05,Low
0,4.627989e-05,Low
0,4.6238336e-05,Low
0,4.616304e-05,Low
0,4.6083118e-05,Low
0,4.602585e-05,Low
0,4.600553e-05,Low
0,4.5954275e-05,Low
0,4.58368e-05,Low
0,4.581434e-05,Low
0,4.56085e-05,Low
0,4.537337e-05,Low
0,4.534478e-05,Low
0,4.5214463e-05,Low
0,4.4898996e-05,Low
0,4.4801734e-05,Low
0,4.4779736e-05,Low
0,4.4550623e-05,Low
0,4.4541706e-05,Low
0,4.4539156e-05,Low
0,4.4453565e-05,Low
0,4.4446064e-05,Low
0,4.418287e-05,Low
0,4.4065768e-05,Low
0,4.40011e-05,Low
0,4.3891094e-05,Low
0,4.3778644e-05,Low
0,4.366765e-05,Low
0,4.3553777e-05,Low
0,4.3497785e-05,Low
0,4.3430762e-05,Low
0,4.341867e-05,Low
0,4.3172142e-05,Low
0,4.3145144e-05,Low
0,4.3078784e-05,Low
0,4.2921074e-05,Low
0,4.251416e-05,Low
0,4.25005e-05,Low
0,4.2440675e-05,Low
0,4.2346557e-05,Low
0,4.2294378e-05,Low
0,4.2281594e-05,Low
0,4.2251886e-05,Low
0,4.2215797e-05,Low
0,4.2181673e-05,Low
0,4.2120657e-05,Low
0,4.211877e-05,Low
0,4.21168e-05,Low
0,4.1299347e-05,Low
0,4.1286155e-05,Low
0,4.1253526e-05,Low
0,4.0981326e-05,Low
0,4.0947416e-05,Low
0,4.0836043e-05,Low
0,4.0748128e-05,Low
0,4.0297506e-05,Low
0,4.024305e-05,Low
0,4.0233994e-05,Low
0,4.0181538e-05,Low
0,4.0079973e-05,Low
0,4.003459e-05,Low
0,3.997511e-05,Low
0,3.9762923e-05,Low
0,3.9572948e-05,Low
0,3.9528477e-05,Low
0,3.9341234e-05,Low
0,3.9263614e-05,Low
0,3.9210216e-05,Low
0,3.9161714e-05,Low
0,3.9071474e-05,Low
0,3.8777933e-05,Low
0,3.8389087e-05,Low
0,3.8259783e-05,Low
0,3.8204147e-05,Low
0,3.811663e-05,Low
0,3.7915564e-05,Low
0,3.7717793e-05,Low
0,3.7544105e-05,Low
0,3.753605e-05,Low
0,3.7421712e-05,Low
0,3.740662e-05,Low
0,3.738073e-05,Low
0,3.723916e-05,Low
0,3.7227157e-05,Low
0,3.6910456e-05,Low
0,3.6901307e-05,Low
0,3.6728503e-05,Low
0,3.659442e-05,Low
0,3.655414e-05,Low
0,3.6551522e-05,Low
0,3.597138e-05,Low
0,3.5693196e-05,Low
0,3.524738e-05,Low
0,3.5211768e-05,Low
0,3.518283e-05,Low
0,3.513341e-05,Low
0,3.4729837e-05,Low
0,3.4592496e-05,Low
0,3.4584977e-05,Low
0,3.4532313e-05,Low
0,3.4520428e-05,Low
0,3.4492128e-05,Low
0,3.4486962e-05,Low
0,3.4334927e-05,Low
0,3.4110424e-05,Low
0,3.3615957e-05,Low
0,3.35917e-05,Low
0,3.3557088e-05,Low
0,3.348216e-05,Low
0,3.3404915e-05,Low
0,3.3269385e-05,Low
0,3.3087614e-05,Low
0,3.3081775e-05,Low
0,3.26787e-05,Low
0,3.2677577e-05,Low
0,3.2534823e-05,Low
0,3.247772e-05,Low
0,3.242084e-05,Low
0,3.220354e-05,Low
0,3.215659e-05,Low
0,3.2029362e-05,Low
0,3.196739e-05,Low
0,3.1570995e-05,Low
0,3.140182e-05,Low
0,3.1201642e-05,Low
0,3.115728e-05,Low
0,3.101933e-05,Low
0,3.0873485e-05,Low
0,3.0576874e-05,Low
0,3.0552215e-05,Low
0,3.0415642e-05,Low
0,3.0274075e-05,Low
0,3.0002413e-05,Low
0,2.996756e-05,Low
0,2.993374e-05,Low
0,2.862576e-05,Low
0,2.847772e-05,Low
0,2.7845443e-05,Low
0,2.7787508e-05,Low
0,2.7614502e-05,Low
0,2.737206e-05,Low
0,2.7276505e-05,Low
0,2.6889895e-05,Low
0,2.6861471e-05,Low
0,2.6169046e-05,Low
0,2.6038453e-05,Low
0,2.5995507e-05,Low
0,2.5787285e-05,Low
0,2.537322e-05,Low
0,2.5329218e-05,Low
0,2.51799e-05,Low
0,2.5027615e-05,Low
0,2.4918183e-05,Low
0,2.4755014e-05,Low
0,2.4511293e-05,Low
0,2.4067262e-05,Low
0,2.361084e-05,Low
0,2.324451e-05,Low
0,2.2336935e-05,Low
0,2.224423e-05,Low
0,2.192259e-05,Low
0,2.1743735e-05,Low
0,2.1452517e-05,Low
0,2.1010448e-05,Low
0,2.0336189e-05,Low
0,1.9155588e-05,Low
0,1.870488e-05,Low
0,1.7420098e-05,Low
0,1.5861491e-05,Low
0,1.5850423e-05,Low
0,1.4263858e-05,Low
0,1.0691064e-05,Low
